City_ID,City,Country,Date,Lat,Lng,Max Temp,Humidity,Cloudiness,Wind Speed
0,Letterkenny,IE,2022-07-17 00:42:14,54.95,-7.7333,60.46,97,100,3.02
1,Virden,US,2022-07-17 00:42:14,39.5009,-89.7679,84.25,95,99,10.94
2,Rikitea,PF,2022-07-17 00:42:14,-23.1203,-134.9692,72.28,73,100,13.49
3,Kapaa,US,2022-07-17 00:38:26,22.0752,-159.319,85.98,76,100,18.41
4,Berlevag,NO,2022-07-17 00:42:15,70.8578,29.0864,53.4,87,100,17.27
5,Victoria,HK,2022-07-17 00:42:15,22.2855,114.1577,89.19,78,100,11.99
6,New Norfolk,AU,2022-07-17 00:42:15,-42.7826,147.0587,53.1,82,49,3.0
7,Ushuaia,AR,2022-07-17 00:41:34,-54.8,-68.3,38.86,70,20,4.61
8,Medina,SA,2022-07-17 00:37:34,24.4686,39.6142,93.63,21,0,8.05
9,Chuy,UY,2022-07-17 00:42:16,-33.6971,-53.4616,47.37,93,100,15.5
10,Camana,PE,2022-07-17 00:42:16,-16.6228,-72.7111,59.68,82,96,11.18
11,Tak,TH,2022-07-17 00:42:17,16.5833,98.8333,73.8,91,88,2.59
12,Te Anau,NZ,2022-07-17 00:42:17,-45.4167,167.7167,42.73,96,100,6.58
13,Pavlodar,KZ,2022-07-17 00:42:17,52.3,76.95,66.0,88,0,4.47
14,Kodiak,US,2022-07-17 00:42:18,57.79,-152.4072,60.31,82,100,9.22
15,Vila Franca Do Campo,PT,2022-07-17 00:42:18,37.7167,-25.4333,72.19,93,21,6.4
16,Dhidhdhoo,MV,2022-07-17 00:38:44,6.8833,73.1,81.39,79,62,11.27
17,Busselton,AU,2022-07-17 00:42:18,-33.65,115.3333,57.79,70,100,11.56
18,Mayo,US,2022-07-17 00:42:19,38.8876,-76.5119,75.31,93,100,6.91
19,Qaanaaq,GL,2022-07-17 00:42:19,77.484,-69.3632,49.59,74,13,6.06
20,Puerto Ayora,EC,2022-07-17 00:42:20,-0.7393,-90.3518,68.56,93,36,7.0
21,Vaini,TO,2022-07-17 00:42:20,-21.2,-175.2,80.76,89,20,6.91
22,Barrow,US,2022-07-17 00:41:25,71.2906,-156.7887,44.62,76,100,14.97
23,Key Largo,US,2022-07-17 00:38:49,25.0865,-80.4473,83.98,73,92,8.12
24,Nome,US,2022-07-17 00:38:07,64.5011,-165.4064,62.17,58,0,9.22
25,Katherine,AU,2022-07-17 00:42:21,-14.4667,132.2667,70.12,64,34,3.44
26,Grand Gaube,MU,2022-07-17 00:42:21,-20.0064,57.6608,70.2,72,9,8.01
27,La Ronge,CA,2022-07-17 00:42:22,55.1001,-105.2842,80.85,50,20,8.05
28,Jamestown,US,2022-07-17 00:39:23,42.097,-79.2353,76.59,49,75,5.75
29,Ixtapa,MX,2022-07-17 00:42:22,20.7,-105.2,87.03,62,75,9.22
30,Isangel,VU,2022-07-17 00:42:22,-19.55,169.2667,77.11,78,100,11.5
31,Provideniya,RU,2022-07-17 00:42:23,64.3833,-173.3,54.63,57,92,7.67
32,Chimbote,PE,2022-07-17 00:42:23,-9.0853,-78.5783,61.02,86,21,10.47
33,Cabo San Lucas,MX,2022-07-17 00:37:40,22.8909,-109.9124,93.61,30,20,9.22
34,Koslan,RU,2022-07-17 00:42:23,63.4564,48.8989,54.86,86,6,3.71
35,Corinth,GR,2022-07-17 00:42:24,37.9407,22.9573,79.9,45,0,4.88
36,Kavieng,PG,2022-07-17 00:42:24,-2.5744,150.7967,82.27,77,6,13.33
37,Airai,TL,2022-07-17 00:42:24,-8.9266,125.4092,64.09,71,93,3.78
38,Faya,SA,2022-07-17 00:42:25,18.3851,42.4509,64.51,37,40,5.84
39,Cape Town,ZA,2022-07-17 00:40:18,-33.9258,18.4232,68.11,51,0,9.22
40,Necochea,AR,2022-07-17 00:42:25,-38.5473,-58.7368,45.66,59,69,19.44
41,Tombouctou,ML,2022-07-17 00:42:26,20.0,-3.0,97.63,22,77,11.95
42,Mantua,IT,2022-07-17 00:42:26,45.1667,10.7833,81.55,75,5,1.99
43,Albany,US,2022-07-17 00:38:41,42.6001,-73.9662,79.45,74,100,3.71
44,Severo-Yeniseyskiy,RU,2022-07-17 00:42:26,60.3725,93.0408,54.5,73,95,1.36
45,Constitucion,CL,2022-07-17 00:43:27,-35.3333,-72.4167,46.92,76,100,3.65
46,Nisia Floresta,BR,2022-07-17 00:43:27,-6.0911,-35.2086,77.38,95,62,8.61
47,Port Elizabeth,ZA,2022-07-17 00:40:12,-33.918,25.5701,50.29,76,85,2.3
48,Mar Del Plata,AR,2022-07-17 00:39:44,-38.0023,-57.5575,46.94,79,100,12.66
49,Gat,IL,2022-07-17 00:43:04,31.61,34.7642,74.08,100,0,2.24
50,East London,ZA,2022-07-17 00:43:28,-33.0153,27.9116,64.74,35,3,6.17
51,Rocha,UY,2022-07-17 00:40:26,-34.4833,-54.3333,46.83,89,100,19.39
52,Baykit,RU,2022-07-17 00:43:28,61.67,96.37,54.9,92,100,0.38
53,Butaritari,KI,2022-07-17 00:43:28,3.0707,172.7902,81.27,76,98,8.5
54,Hilo,US,2022-07-17 00:39:17,19.7297,-155.09,84.27,91,100,16.11
55,Kruisfontein,ZA,2022-07-17 00:43:29,-34.0033,24.7314,61.25,29,19,10.18
56,Clyde River,CA,2022-07-17 00:43:29,70.4692,-68.5914,34.03,100,75,6.91
57,Lebu,CL,2022-07-17 00:43:29,-37.6167,-73.65,48.06,79,100,20.47
58,Hermanus,ZA,2022-07-17 00:43:30,-34.4187,19.2345,60.8,49,3,10.07
59,Mecca,SA,2022-07-17 00:43:30,21.4267,39.8261,84.02,32,76,4.27
60,Anaconda,US,2022-07-17 00:43:31,46.1285,-112.9423,83.39,25,97,4.5
61,Sept-Iles,CA,2022-07-17 00:39:53,50.2001,-66.3821,66.72,63,75,4.61
62,Sao Joao Da Barra,BR,2022-07-17 00:40:17,-21.6403,-41.0511,71.38,86,54,17.9
63,Atuona,PF,2022-07-17 00:43:31,-9.8,-139.0333,77.61,73,12,14.32
64,Puebloviejo,CO,2022-07-17 00:43:31,10.9938,-74.2844,86.18,66,75,18.41
65,Sitka,US,2022-07-17 00:43:32,57.0531,-135.33,58.89,82,100,3.44
66,Celestun,MX,2022-07-17 00:43:32,20.8667,-90.4,81.63,72,99,13.89
67,Kutum,SD,2022-07-17 00:43:32,14.2,24.6667,77.72,52,52,4.81
68,Lipin Bor,RU,2022-07-17 00:43:33,60.2622,37.9763,52.75,89,99,4.63
69,Yellowknife,CA,2022-07-17 00:41:21,62.456,-114.3525,64.92,77,75,8.05
70,Upernavik,GL,2022-07-17 00:43:33,72.7868,-56.1549,42.66,92,100,12.41
71,Amposta,ES,2022-07-17 00:43:33,40.7131,0.581,76.23,68,0,2.82
72,Nikolskoye,RU,2022-07-17 00:43:34,59.7035,30.7861,52.81,91,45,5.1
73,Khatanga,RU,2022-07-17 00:43:34,71.9667,102.5,64.67,48,19,6.49
74,Hithadhoo,MV,2022-07-17 00:43:34,-0.6,73.0833,83.55,74,23,15.73
75,Jinka,ET,2022-07-17 00:43:35,5.65,36.65,63.84,67,91,3.42
76,Sur,OM,2022-07-17 00:43:35,22.5667,59.5289,86.11,71,100,9.44
77,Bethel,US,2022-07-17 00:43:35,41.3712,-73.414,74.48,83,100,4.41
78,Havelock,US,2022-07-17 00:39:54,34.8791,-76.9013,82.38,85,0,9.22
79,Upington,ZA,2022-07-17 00:43:36,-28.4478,21.2561,55.78,44,0,9.22
80,Yinchuan,CN,2022-07-17 00:43:36,38.4681,106.2731,80.08,25,99,5.77
81,Bredasdorp,ZA,2022-07-17 00:43:36,-34.5322,20.0403,59.92,34,6,7.43
82,Fort Nelson,CA,2022-07-17 00:43:37,58.8053,-122.7002,71.19,60,75,3.44
83,Kieta,PG,2022-07-17 00:43:37,-6.2167,155.6333,82.36,78,86,7.54
84,Goedereede,NL,2022-07-17 00:43:37,51.8175,3.9806,59.0,77,16,8.93
85,Nanortalik,GL,2022-07-17 00:43:38,60.1432,-45.2371,41.27,84,13,6.46
86,Alofi,NU,2022-07-17 00:43:38,-19.0595,-169.9187,80.49,61,0,16.11
87,Thompson,CA,2022-07-17 00:43:38,55.7435,-97.8558,69.96,88,100,2.3
88,Punta Arenas,CL,2022-07-17 00:42:39,-53.15,-70.9167,33.91,80,75,11.5
89,Avarua,CK,2022-07-17 00:43:39,-21.2078,-159.775,73.45,78,75,16.11
90,Brae,GB,2022-07-17 00:43:39,60.3964,-1.353,55.02,94,100,20.4
91,Chulman,RU,2022-07-17 00:43:39,56.8479,124.9104,74.84,63,67,4.47
92,Iqaluit,CA,2022-07-17 00:44:40,63.7506,-68.5145,60.53,63,75,11.5
93,Manta,EC,2022-07-17 00:44:40,-0.95,-80.7333,71.38,83,100,10.36
94,Ribeira Grande,PT,2022-07-17 00:44:40,38.5167,-28.7,71.17,90,7,6.91
95,Petropavlovsk-Kamchatskiy,RU,2022-07-17 00:44:41,53.0452,158.6483,63.19,82,75,6.71
96,Saint-Augustin,CA,2022-07-17 00:44:41,51.226,-58.6502,57.78,68,13,2.39
97,Bluff,NZ,2022-07-17 00:44:41,-46.6,168.3333,52.81,74,100,21.47
98,Rodrigues Alves,BR,2022-07-17 00:44:42,-7.738,-72.6509,74.7,92,62,2.26
99,Srednekolymsk,RU,2022-07-17 00:44:42,67.45,153.6833,62.55,46,41,13.94
100,San Andres,CO,2022-07-17 00:44:42,12.5847,-81.7006,82.42,83,40,11.5
101,Arraial Do Cabo,BR,2022-07-17 00:44:42,-22.9661,-42.0278,71.67,83,100,23.17
102,Puri,IN,2022-07-17 00:40:08,19.8,85.85,77.52,86,52,4.99
103,Jiuquan,CN,2022-07-17 00:44:43,39.7432,98.5174,76.46,25,71,1.25
104,San Policarpo,PH,2022-07-17 00:44:43,12.1791,125.5072,83.08,72,100,3.49
105,Port Alfred,ZA,2022-07-17 00:44:43,-33.5906,26.891,66.47,39,8,10.58
106,Pimentel,PE,2022-07-17 00:44:44,-6.8367,-79.9342,62.01,84,0,14.7
107,Zemio,CF,2022-07-17 00:44:44,5.0314,25.1361,67.82,98,84,0.27
108,Sola,VU,2022-07-17 00:44:44,-13.8833,167.55,83.07,74,100,6.91
109,Antofagasta,CL,2022-07-17 00:44:45,-23.65,-70.4,54.68,69,0,8.75
110,Pauini,BR,2022-07-17 00:44:45,-7.7136,-66.9764,79.83,71,100,3.0
111,Gamba,GA,2022-07-17 00:44:45,-2.65,10.0,69.06,93,84,4.36
112,Chokurdakh,RU,2022-07-17 00:44:46,70.6333,147.9167,46.24,52,84,19.24
113,Mataura,NZ,2022-07-17 00:44:46,-46.1927,168.8643,52.48,71,100,4.52
114,Kununurra,AU,2022-07-17 00:44:47,-15.7667,128.7333,71.58,33,69,4.61
115,Geraldton,AU,2022-07-17 00:44:47,-28.7667,114.6,57.61,77,100,11.5
116,Goundam,ML,2022-07-17 00:44:47,16.4145,-3.6708,87.06,49,100,17.76
117,Ostrovnoy,RU,2022-07-17 00:44:48,68.0531,39.5131,55.98,87,7,10.42
118,Maramba,TZ,2022-07-17 00:44:48,-5.05,38.6167,57.34,94,100,3.18
119,Ruzomberok,SK,2022-07-17 00:44:48,49.0748,19.3075,47.98,94,0,2.24
120,Dikson,RU,2022-07-17 00:44:49,73.5069,80.5464,47.08,68,12,2.91
121,Hofn,IS,2022-07-17 00:44:49,64.2539,-15.2082,51.31,86,100,6.62
122,Hong Gai,VN,2022-07-17 00:44:49,20.956,107.0946,87.71,85,100,8.32
123,Novoagansk,RU,2022-07-17 00:44:49,61.9449,76.6625,60.13,65,19,10.58
124,Maksatikha,RU,2022-07-17 00:44:50,57.797,35.8825,48.58,83,97,2.04
125,Hamilton,US,2022-07-17 00:42:57,39.1834,-84.5333,86.85,62,75,9.22
126,Flagstaff,US,2022-07-17 00:40:39,35.1981,-111.6513,82.06,46,20,0.0
127,Coquimbo,CL,2022-07-17 00:44:50,-29.9533,-71.3436,53.33,82,0,3.44
128,Hobyo,SO,2022-07-17 00:44:51,5.3505,48.5268,75.99,78,100,29.06
129,Vostok,RU,2022-07-17 00:44:51,46.4856,135.8833,66.9,70,96,3.47
130,Yaqui,MX,2022-07-17 00:44:51,27.3667,-110.1667,91.98,49,1,12.17
131,Tocopilla,CL,2022-07-17 00:44:51,-22.092,-70.1979,60.33,59,0,11.48
132,Sayat,TM,2022-07-17 00:44:52,38.7839,63.8803,80.47,14,0,11.45
133,Saint-Philippe,RE,2022-07-17 00:44:52,-21.3585,55.7679,65.79,79,18,11.27
134,Hobart,AU,2022-07-17 00:44:52,-42.8794,147.3294,53.46,73,75,20.71
135,Lappeenranta,FI,2022-07-17 00:44:53,61.0587,28.1887,51.85,93,100,4.61
136,Sorland,NO,2022-07-17 00:44:53,67.667,12.6934,49.86,79,100,10.38
137,Mehamn,NO,2022-07-17 00:44:53,71.0357,27.8492,51.75,93,100,27.63
138,Porto Novo,BJ,2022-07-17 00:44:54,6.4965,2.6036,75.11,88,100,8.1
139,Maniitsoq,GL,2022-07-17 00:44:54,65.4167,-52.9,41.38,83,86,12.82
140,Port Lincoln,AU,2022-07-17 00:45:54,-34.7333,135.8667,57.34,67,98,19.89
141,Cidreira,BR,2022-07-17 00:45:55,-30.1811,-50.2056,62.13,82,12,25.93
142,Ponta Do Sol,PT,2022-07-17 00:45:55,32.6667,-17.1,69.71,77,37,3.06
143,Kucevo,RS,2022-07-17 00:45:55,44.4775,21.67,58.93,45,9,2.24
144,Makakilo City,US,2022-07-17 00:45:56,21.3469,-158.0858,86.32,67,75,25.32
145,Wilmington Island,US,2022-07-17 00:45:56,32.0036,-80.9737,84.18,75,0,6.91
146,Callaguip,PH,2022-07-17 00:43:38,18.0714,120.4867,84.22,84,75,3.44
147,Mindelo,CV,2022-07-17 00:45:57,16.8901,-24.9804,76.55,73,20,11.5
148,Biak,ID,2022-07-17 00:45:57,-0.9131,122.8766,77.32,82,100,7.25
149,Mitsamiouli,KM,2022-07-17 00:45:57,-11.3847,43.2844,75.69,67,5,6.24
150,Chifeng,CN,2022-07-17 00:45:58,42.2683,118.9636,67.17,80,100,7.09
151,Sebastian,US,2022-07-17 00:45:58,35.1668,-94.2669,99.16,50,100,4.63
152,Saskylakh,RU,2022-07-17 00:45:58,71.9167,114.0833,57.63,60,100,11.65
153,Santa Maria Da Boa Vista,BR,2022-07-17 00:45:58,-8.8078,-39.8256,74.73,66,89,16.69
154,Ojinaga,MX,2022-07-17 00:45:59,29.5667,-104.4167,98.56,32,0,11.5
155,Mahebourg,MU,2022-07-17 00:45:59,-20.4081,57.7,70.09,73,75,11.5
156,Padang,ID,2022-07-17 00:46:00,-0.9492,100.3543,75.25,71,69,2.51
157,Tuktoyaktuk,CA,2022-07-17 00:46:00,69.4541,-133.0374,62.6,51,100,8.05
158,Derzhavinsk,KZ,2022-07-17 00:41:17,51.1,66.3167,65.5,80,0,14.5
159,Cabedelo,BR,2022-07-17 00:46:00,-6.9811,-34.8339,74.07,87,43,12.62
160,Hailar,CN,2022-07-17 00:46:01,49.2,119.7,67.77,78,100,6.17
161,Korla,CN,2022-07-17 00:46:01,41.7597,86.1469,77.61,36,8,2.39
162,Salalah,OM,2022-07-17 00:46:01,17.0151,54.0924,76.93,95,100,8.7
163,Sarkand,KZ,2022-07-17 00:46:02,45.41,79.9186,78.42,28,0,5.03
164,Esperance,AU,2022-07-17 00:46:02,-33.8667,121.9,55.98,73,35,6.93
165,Half Moon Bay,US,2022-07-17 00:46:03,37.4636,-122.4286,90.54,72,0,24.16
166,Sibolga,ID,2022-07-17 00:46:03,1.7427,98.7792,80.28,72,89,2.37
167,Konakovo,RU,2022-07-17 00:46:03,56.7,36.7667,55.04,68,100,0.6
168,Fortuna,US,2022-07-17 00:46:04,40.5982,-124.1573,69.85,73,14,7.0
169,Chaiya,TH,2022-07-17 00:46:04,9.3862,99.1986,75.18,90,100,7.2
170,Kiruna,SE,2022-07-17 00:46:04,67.8557,20.2251,45.52,87,75,8.05
171,Tasiilaq,GL,2022-07-17 00:46:05,65.6145,-37.6368,46.56,66,94,3.42
172,Saint-Pierre,RE,2022-07-17 00:46:05,-21.3393,55.4781,66.9,78,0,6.91
173,Port Hardy,CA,2022-07-17 00:45:30,50.6996,-127.4199,60.98,77,75,8.05
174,Namibe,AO,2022-07-17 00:46:06,-15.1961,12.1522,67.87,75,0,7.81
175,Thinadhoo,MV,2022-07-17 00:46:06,0.5333,72.9333,82.6,79,31,12.73
176,Sol-Iletsk,RU,2022-07-17 00:46:06,51.1631,54.9918,67.46,77,11,5.32
177,Wicklow,IE,2022-07-17 00:46:07,53.0,-6.4167,59.07,86,100,2.35
178,Marsh Harbour,BS,2022-07-17 00:46:07,26.5412,-77.0636,82.98,79,41,12.15
179,Ilovka,RU,2022-07-17 00:46:07,50.7053,38.637,57.54,85,51,5.53
180,Betafo,MG,2022-07-17 00:46:08,-19.8333,46.85,53.98,81,66,8.99
181,Hirara,JP,2022-07-17 00:46:08,24.8,125.2833,87.66,84,75,13.8
182,Kharakvasla,IN,2022-07-17 00:46:09,18.4333,73.7667,72.95,95,100,7.16
183,Longyearbyen,SJ,2022-07-17 00:46:09,78.2186,15.6401,53.44,66,0,5.75
184,Broome,US,2022-07-17 00:46:09,42.2506,-75.833,76.89,68,0,8.05
185,Le Port,RE,2022-07-17 00:46:10,-20.9373,55.2919,67.96,70,23,5.99
186,Rorvik,NO,2022-07-17 00:47:10,64.8621,11.2373,52.11,82,100,21.25
187,Zyryanka,RU,2022-07-17 00:47:10,65.75,150.85,60.03,67,100,13.96
188,Yumen,CN,2022-07-17 00:47:11,40.2833,97.2,76.21,30,100,13.11
189,Ambilobe,MG,2022-07-17 00:47:11,-13.2,49.05,62.83,88,0,3.74
190,Nola,IT,2022-07-17 00:47:11,40.922,14.5329,77.41,76,0,1.74
191,Tiksi,RU,2022-07-17 00:47:12,71.6872,128.8694,39.15,87,100,9.71
192,Kamenka,RU,2022-07-17 00:47:12,51.3223,42.7678,63.23,72,12,5.88
193,Zlotoryja,PL,2022-07-17 00:47:12,51.1264,15.9198,53.65,70,0,6.15
194,Tazovskiy,RU,2022-07-17 00:47:13,67.4667,78.7,57.87,64,97,9.57
195,Hambantota,LK,2022-07-17 00:47:13,6.1241,81.1185,77.34,100,20,2.3
196,Andenes,NO,2022-07-17 00:47:13,69.3143,16.1194,49.98,87,100,10.36
197,Russell,US,2022-07-17 00:45:30,32.3502,-85.1999,87.4,70,0,3.44
198,South Valley,US,2022-07-17 00:47:14,35.0101,-106.6781,100.99,18,40,3.44
199,San Cristobal,VE,2022-07-17 00:47:15,7.7669,-72.225,75.38,96,14,2.15
200,Ahipara,NZ,2022-07-17 00:47:15,-35.1667,173.1667,58.48,58,9,6.62
201,Tanabe,JP,2022-07-17 00:47:15,33.7333,135.3667,83.41,69,40,6.91
202,Saint Anthony,US,2022-07-17 00:45:31,45.0205,-93.218,82.83,60,40,10.36
203,Svetlyy,RU,2022-07-17 00:47:16,54.675,20.1347,59.97,85,76,6.26
204,Atambua,ID,2022-07-17 00:47:16,-9.1061,124.8925,76.86,65,42,4.72
205,Wieliczka,PL,2022-07-17 00:47:17,49.9874,20.0647,54.28,97,0,8.3
206,Dingle,PH,2022-07-17 00:47:17,10.9995,122.6711,81.05,84,100,6.42
207,Ancud,CL,2022-07-17 00:47:17,-41.8697,-73.8203,46.22,88,100,27.89
208,Sakakah,SA,2022-07-17 00:47:18,29.9697,40.2064,87.37,19,0,8.03
209,Hasaki,JP,2022-07-17 00:47:18,35.7333,140.8333,81.28,88,100,14.83
210,Dublin,US,2022-07-17 00:42:33,37.7021,-121.9358,101.03,43,0,13.8
211,Carnarvon,AU,2022-07-17 00:47:18,-24.8667,113.6333,68.34,47,61,4.41
212,Saint-Georges,GD,2022-07-17 00:47:19,12.0564,-61.7485,80.28,83,20,16.11
213,Goderich,CA,2022-07-17 00:47:19,43.7501,-81.7165,77.32,50,96,3.44
214,Tomohon,ID,2022-07-17 00:47:19,1.3346,124.8392,72.54,73,100,2.42
215,Verkhnevilyuysk,RU,2022-07-17 00:47:20,63.4453,120.3167,68.72,71,100,4.63
216,Namatanai,PG,2022-07-17 00:47:20,-3.6667,152.4333,83.37,72,42,9.08
217,Saint George,US,2022-07-17 00:44:21,37.1041,-113.5841,109.63,14,0,5.99
218,Sioux Lookout,CA,2022-07-17 00:47:21,50.1001,-91.917,82.47,47,20,5.75
219,Georgetown,MY,2022-07-17 00:45:25,5.4112,100.3354,82.89,91,20,3.44
220,Sayaxche,GT,2022-07-17 00:47:21,16.5167,-90.1667,77.14,79,100,4.25
221,Boca Do Acre,BR,2022-07-17 00:47:21,-8.7522,-67.3978,78.76,76,100,2.21
222,Banda Aceh,ID,2022-07-17 00:47:22,5.5577,95.3222,81.19,73,70,7.34
223,Lata,PT,2022-07-17 00:47:22,40.1629,-8.3327,64.76,68,100,1.63
224,Manali,IN,2022-07-17 00:46:42,13.1667,80.2667,80.69,88,100,10.4
225,Tura,IN,2022-07-17 00:47:23,25.5198,90.2201,78.12,87,91,5.64
226,North Bend,US,2022-07-17 00:45:25,43.4065,-124.2243,69.24,83,40,17.27
227,Concepcion,CL,2022-07-17 00:47:23,-36.827,-73.0498,49.8,76,100,5.75
228,Chapada Dos Guimaraes,BR,2022-07-17 00:47:24,-15.4606,-55.7497,74.86,42,84,5.26
229,Port Macquarie,AU,2022-07-17 00:47:24,-31.4333,152.9167,65.08,48,1,10.13
230,Les Escoumins,CA,2022-07-17 00:47:24,48.1111,-69.0236,58.35,64,12,13.27
231,Cam Ranh,VN,2022-07-17 00:47:25,11.9214,109.1591,84.16,74,20,2.3
232,Ormond Beach,US,2022-07-17 00:47:10,29.2858,-81.0559,80.69,88,75,5.75
233,Puerto Del Rosario,ES,2022-07-17 00:48:25,28.5004,-13.8627,71.35,78,0,16.11
234,Porto Velho,BR,2022-07-17 00:48:26,-8.7619,-63.9039,80.65,78,20,1.14
235,Paita,PE,2022-07-17 00:48:26,-5.0892,-81.1144,64.2,79,0,17.18
236,Lakes Entrance,AU,2022-07-17 00:48:26,-37.8811,147.981,60.17,53,15,14.45
237,Guerrero Negro,MX,2022-07-17 00:46:17,27.9769,-114.0611,70.52,74,8,18.79
238,Waingapu,ID,2022-07-17 00:48:27,-9.6567,120.2641,79.54,65,74,12.37
239,Nurota,UZ,2022-07-17 00:48:27,40.5614,65.6886,80.64,16,0,9.35
240,Coahuayana,MX,2022-07-17 00:48:27,18.7333,-103.6833,79.68,82,99,1.32
241,Kahului,US,2022-07-17 00:45:15,20.8947,-156.47,87.82,69,40,26.46
242,Los Alamos,US,2022-07-17 00:45:05,35.8881,-106.307,90.68,25,0,8.05
243,Sobolevo,RU,2022-07-17 00:48:28,54.4299,31.8996,47.91,92,12,3.96
244,Talnakh,RU,2022-07-17 00:48:28,69.4865,88.3972,61.21,43,100,6.98
245,San Jose,US,2022-07-17 00:44:17,37.3394,-121.895,97.88,38,0,13.8
246,Pisco,PE,2022-07-17 00:45:16,-13.7,-76.2167,62.02,82,45,8.05
247,Mount Darwin,ZW,2022-07-17 00:48:29,-16.7725,31.5838,51.37,72,13,3.0
248,Lethem,GY,2022-07-17 00:48:29,3.3803,-59.7968,76.57,84,99,4.85
249,Jalu,LY,2022-07-17 00:48:29,29.0331,21.5482,76.15,57,0,11.03
250,Tagusao,PH,2022-07-17 00:48:30,9.1924,117.8141,79.05,85,100,6.69
251,Cherskiy,RU,2022-07-17 00:48:30,68.75,161.3,47.86,73,100,21.72
252,Edd,ER,2022-07-17 00:48:30,13.9297,41.6925,88.84,66,100,3.29
253,Ahuimanu,US,2022-07-17 00:48:30,21.4447,-157.8378,87.51,79,100,25.32
254,Kavaratti,IN,2022-07-17 00:48:31,10.5669,72.642,81.48,79,100,18.9
255,Itupiranga,BR,2022-07-17 00:48:31,-5.1347,-49.3267,75.52,60,13,1.57
256,Qinhuangdao,CN,2022-07-17 00:48:31,39.9317,119.5883,80.11,70,94,5.37
257,Acari,PE,2022-07-17 00:48:32,-15.4311,-74.6158,61.99,80,41,4.41
258,Tuatapere,NZ,2022-07-17 00:48:32,-46.1333,167.6833,45.25,91,100,10.4
259,Gorontalo,ID,2022-07-17 00:48:32,0.5412,123.0595,83.39,70,97,3.15
260,Torbay,CA,2022-07-17 00:45:30,47.6666,-52.7314,65.39,71,40,17.27
261,Cayenne,GF,2022-07-17 00:48:33,4.9333,-52.3333,82.09,1,20,1.01
262,Kaitangata,NZ,2022-07-17 00:48:33,-46.2817,169.8464,45.14,70,100,4.68
263,Husavik,IS,2022-07-17 00:48:33,66.0449,-17.3389,50.27,94,100,4.36
264,Erenhot,CN,2022-07-17 00:48:34,43.6475,111.9767,71.11,40,0,14.92
265,Saint-Leu,RE,2022-07-17 00:48:34,-21.15,55.2833,67.03,74,8,11.7
266,Ginda,IN,2022-07-17 00:48:34,30.6945,78.4932,67.28,88,61,1.77
267,Bengkulu,ID,2022-07-17 00:48:35,-3.8004,102.2655,78.19,78,89,3.27
268,Jurado,CO,2022-07-17 00:48:35,7.1053,-77.7641,77.83,89,100,2.04
269,Lulea,SE,2022-07-17 00:48:35,65.5842,22.1547,51.87,100,100,2.3
270,Thrissur,IN,2022-07-17 00:48:36,10.5167,76.2167,75.18,94,100,0.74
271,Marrakesh,MA,2022-07-17 00:45:08,31.6315,-8.0083,80.67,54,40,8.05
272,Viransehir,TR,2022-07-17 00:48:36,37.2353,39.7631,82.17,31,0,2.33
273,Bambous Virieux,MU,2022-07-17 00:48:36,-20.3428,57.7575,70.05,73,75,11.5
274,Shimoda,JP,2022-07-17 00:48:37,34.6667,138.95,79.11,83,26,9.69
275,Norman Wells,CA,2022-07-17 00:48:37,65.282,-126.8329,68.04,56,75,16.11
276,Mount Isa,AU,2022-07-17 00:48:37,-20.7333,139.5,71.37,37,0,3.44
277,Poronaysk,RU,2022-07-17 00:48:38,49.2167,143.1167,57.38,83,100,6.76
278,San Patricio,US,2022-07-17 00:48:38,28.017,-97.5169,90.18,52,0,13.27
279,Shingu,JP,2022-07-17 00:46:04,33.7333,135.9833,82.56,74,6,3.58
280,Margate,GB,2022-07-17 00:49:38,51.3813,1.3862,64.9,84,100,4.0
281,Nhulunbuy,AU,2022-07-17 00:49:39,-12.2333,136.7667,77.61,69,40,14.97
282,Adrar,MR,2022-07-17 00:49:39,20.5022,-10.0711,94.01,9,1,13.51
283,Bagaha,IN,2022-07-17 00:49:39,27.1,84.0833,87.4,65,13,8.93
284,Ifo,NG,2022-07-17 00:49:40,6.8144,3.1958,73.53,93,99,4.81
285,Severo-Kurilsk,RU,2022-07-17 00:49:40,50.6789,156.125,55.78,90,99,2.75
286,Verkhnyaya Inta,RU,2022-07-17 00:49:40,65.9811,60.3094,62.58,72,100,11.61
287,Nemuro,JP,2022-07-17 00:49:41,43.3236,145.575,62.31,98,100,23.76
288,Yei,SS,2022-07-17 00:49:41,4.095,30.6779,66.07,95,88,3.51
289,San Angelo,US,2022-07-17 00:46:10,31.4638,-100.437,98.82,30,20,3.0
290,Leopold,AU,2022-07-17 00:49:41,-38.1833,144.4667,55.06,85,75,18.41
291,Tres Arroyos,AR,2022-07-17 00:49:42,-38.3739,-60.2798,36.05,69,0,8.48
292,Taoudenni,ML,2022-07-17 00:49:42,22.6783,-3.9836,102.02,19,99,12.19
293,Kaoma,ZM,2022-07-17 00:49:42,-14.7833,24.8,48.6,65,0,5.88
294,Rio Tercero,AR,2022-07-17 00:49:43,-32.173,-64.1141,38.8,80,0,3.6
295,Coihaique,CL,2022-07-17 00:45:03,-45.5752,-72.0662,36.21,86,100,3.44
296,Umm Lajj,SA,2022-07-17 00:49:43,25.0213,37.2685,82.74,72,5,9.13
297,Quatre Cocos,MU,2022-07-17 00:49:43,-20.2078,57.7625,69.91,67,30,14.94
298,Ishigaki,JP,2022-07-17 00:49:44,24.3448,124.1572,86.13,89,75,6.91
299,Pasighat,IN,2022-07-17 00:49:44,28.0667,95.3333,83.62,84,93,1.5
300,Nacala,MZ,2022-07-17 00:49:44,-14.5428,40.6728,64.71,93,4,9.31
301,Tshikapa,CD,2022-07-17 00:49:45,-6.4167,20.8,75.47,44,77,2.91
302,Port Blair,IN,2022-07-17 00:49:45,11.6667,92.75,78.84,94,75,2.3
303,Rio Grande,BR,2022-07-17 00:49:45,-32.035,-52.0986,53.71,91,100,23.13
304,Yerbogachen,RU,2022-07-17 00:49:46,61.2767,108.0108,66.04,54,83,3.31
305,Lompoc,US,2022-07-17 00:49:46,34.6391,-120.4579,90.79,79,0,14.97
306,Terre-De-Bas,GP,2022-07-17 00:49:46,15.8501,-61.6442,80.11,81,100,20.65
307,Muros,ES,2022-07-17 00:49:47,42.7762,-9.0603,74.16,88,15,2.95
308,Soyo,AO,2022-07-17 00:49:47,-6.1349,12.3689,69.51,94,57,7.45
309,Katsuura,JP,2022-07-17 00:49:47,35.1333,140.3,75.22,87,47,18.95
310,Malakal,SS,2022-07-17 00:49:48,9.5334,31.6605,72.41,85,100,3.36
311,Logan Lake,CA,2022-07-17 00:49:48,50.4998,-120.8025,75.04,32,100,11.43
312,Zinder,NE,2022-07-17 00:49:49,13.8072,8.9881,81.21,62,91,10.76
313,Spornoye,RU,2022-07-17 00:49:49,50.8448,37.2913,58.3,74,5,6.33
314,Yambio,SS,2022-07-17 00:49:49,4.5721,28.3955,66.54,97,92,2.42
315,Huancavelica,PE,2022-07-17 00:49:49,-12.7667,-74.9833,35.64,85,72,3.6
316,Solnechnyy,RU,2022-07-17 00:49:50,50.7214,136.6319,71.92,74,100,4.36
317,Karwar,IN,2022-07-17 00:49:50,14.8,74.1333,78.31,88,99,15.57
318,Bo Phloi,TH,2022-07-17 00:49:50,14.3236,99.5161,75.31,75,79,5.95
319,Dubti,ET,2022-07-17 00:49:51,11.7361,41.0853,87.76,44,100,7.52
320,Liaocheng,CN,2022-07-17 00:49:51,36.4439,115.9647,79.45,78,29,5.82
321,Anapskaya,RU,2022-07-17 00:49:51,44.89,37.38,64.63,88,0,4.47
322,Doctor Arroyo,MX,2022-07-17 00:46:14,23.6667,-100.1833,73.74,40,100,11.88
323,Aklavik,CA,2022-07-17 00:50:52,68.2191,-135.0107,54.36,88,100,7.67
324,Bairiki,KI,2022-07-17 00:50:52,1.3292,172.9752,84.2,79,75,13.8
325,Afrikanda,RU,2022-07-17 00:50:52,67.4429,32.7828,49.89,91,38,3.53
326,Moletai,LT,2022-07-17 00:50:53,55.2333,25.4167,49.42,94,100,3.4
327,Zaragoza,ES,2022-07-17 00:50:53,41.6561,-0.8773,84.85,38,0,4.61
328,Lavrentiya,RU,2022-07-17 00:50:53,65.5833,-171.0,54.27,61,33,11.79
329,Brigantine,US,2022-07-17 00:46:43,39.4101,-74.3646,77.2,87,0,6.91
330,Castro,BR,2022-07-17 00:50:54,-24.7911,-50.0119,72.03,49,100,10.42
331,Kisanga,TZ,2022-07-17 00:50:54,-7.4362,37.7034,65.89,82,100,1.25
332,Ivankiv,UA,2022-07-17 00:50:54,50.9386,29.8943,57.16,68,100,5.73
333,Honningsvag,NO,2022-07-17 00:50:55,70.9821,25.9704,51.55,87,100,20.71
334,Yar-Sale,RU,2022-07-17 00:50:55,66.8333,70.8333,59.5,60,0,7.09
335,Regeneracao,BR,2022-07-17 00:50:55,-6.2378,-42.6883,78.93,43,13,8.75
336,Kongolo,CD,2022-07-17 00:50:55,-5.3833,27.0,75.54,44,0,6.22
337,Ambon,ID,2022-07-17 00:46:23,-3.6954,128.1814,77.14,94,75,8.05
338,Birjand,IR,2022-07-17 00:50:56,32.8663,59.2211,66.67,15,0,6.91
339,Touros,BR,2022-07-17 00:50:56,-5.1989,-35.4608,74.98,90,53,13.22
340,Warri,NG,2022-07-17 00:50:57,5.5167,5.75,73.2,90,99,4.03
341,Samarai,PG,2022-07-17 00:50:57,-10.6167,150.6667,80.35,82,93,16.24
342,Havoysund,NO,2022-07-17 00:50:57,70.9963,24.6622,52.03,98,100,21.05
343,Narsaq,GL,2022-07-17 00:50:57,60.9167,-46.05,41.9,83,69,3.09
344,Okhotsk,RU,2022-07-17 00:50:58,59.3833,143.3,60.62,85,99,5.01
345,Souillac,MU,2022-07-17 00:50:58,-20.5167,57.5167,70.18,73,75,11.5
346,Zlitan,LY,2022-07-17 00:47:52,32.4674,14.5687,75.72,70,0,6.55
347,Kenai,US,2022-07-17 00:50:38,60.5544,-151.2583,57.25,91,100,6.91
348,Norrtalje,SE,2022-07-17 00:50:59,59.758,18.705,58.84,63,100,9.13
349,Ouesso,CG,2022-07-17 00:50:59,1.6136,16.0517,75.18,78,100,2.39
350,Dunedin,NZ,2022-07-17 00:50:59,-45.8742,170.5036,52.81,34,100,11.01
351,Trairi,BR,2022-07-17 00:51:00,-3.2778,-39.2689,79.07,80,10,11.74
352,Moose Factory,CA,2022-07-17 00:51:00,51.2585,-80.6094,67.98,77,100,2.3
353,Zonguldak,TR,2022-07-17 00:51:00,41.25,31.8333,57.36,93,0,3.65
354,Vardo,NO,2022-07-17 00:51:01,70.3705,31.1107,53.58,87,100,8.05
355,Zabaykalsk,RU,2022-07-17 00:51:01,49.6333,117.3167,61.75,96,100,2.64
356,Awbari,LY,2022-07-17 00:51:01,26.5921,12.7805,80.71,20,0,8.77
357,Karasburg,NA,2022-07-17 00:51:02,-28.0167,18.75,59.02,31,0,14.05
358,Baijiantan,CN,2022-07-17 00:51:02,45.6333,85.1833,86.52,18,41,1.12
359,Skole,UA,2022-07-17 00:51:02,49.0372,23.5135,51.89,94,95,2.98
360,Bilma,NE,2022-07-17 00:51:03,18.6853,12.9164,87.89,40,5,4.81
361,Mpika,ZM,2022-07-17 00:51:03,-11.8343,31.4529,51.91,68,1,9.15
362,Quang Ngai,VN,2022-07-17 00:51:03,15.1167,108.8,84.76,72,100,3.6
363,Pamplona,ES,2022-07-17 00:51:04,42.8169,-1.6432,73.31,55,0,4.0
364,Bonthe,SL,2022-07-17 00:51:04,7.5264,-12.505,76.12,89,73,7.38
365,Pasni,PK,2022-07-17 00:51:04,25.2631,63.471,84.9,77,100,6.53
366,Yakima,US,2022-07-17 00:47:02,46.4665,-120.6678,91.71,30,0,10.36
367,Saldanha,ZA,2022-07-17 00:51:05,-33.0117,17.9442,61.2,56,0,11.56
368,Portland,US,2022-07-17 00:47:39,45.5234,-122.6762,77.99,59,75,6.91
369,Lumby,CA,2022-07-17 00:51:05,50.2498,-118.969,86.18,35,54,3.0
370,Tumbi,TZ,2022-07-17 00:51:06,-5.0667,32.7333,62.98,56,4,6.51
371,Monrovia,LR,2022-07-17 00:47:35,6.3005,-10.7969,76.57,85,100,11.68
372,Beringovskiy,RU,2022-07-17 00:52:06,63.05,179.3167,62.53,62,100,5.68
373,Rawalpindi,PK,2022-07-17 00:52:06,33.6007,73.0679,82.24,71,6,1.99
374,Kudahuvadhoo,MV,2022-07-17 00:52:07,2.6708,72.8944,82.9,70,85,3.33
375,Codrington,AU,2022-07-17 00:52:07,-38.2667,141.9667,52.29,85,92,19.22
376,Asau,RO,2022-07-17 00:52:08,46.4333,26.4,58.28,57,0,5.5
377,Vicuna,CL,2022-07-17 00:52:08,-30.0319,-70.7081,46.78,37,94,9.89
378,Atar,MR,2022-07-17 00:52:08,20.5169,-13.0499,94.93,12,1,3.85
379,Mildura,AU,2022-07-17 00:52:09,-34.2,142.15,58.06,68,68,20.62
380,Fairbanks,US,2022-07-17 00:51:32,64.8378,-147.7164,68.09,71,100,3.44
381,Faanui,PF,2022-07-17 00:52:09,-16.4833,-151.75,77.58,61,30,20.98
382,Kamaishi,JP,2022-07-17 00:52:10,39.2667,141.8833,72.63,97,100,6.15
383,Hualmay,PE,2022-07-17 00:52:10,-11.0964,-77.6139,61.16,83,9,10.98
384,Los Llanos De Aridane,ES,2022-07-17 00:52:10,28.6585,-17.9182,67.75,95,100,18.41
385,Cartagena,CO,2022-07-17 00:50:01,10.3997,-75.5144,82.02,83,75,10.36
386,Zhangjiakou,CN,2022-07-17 00:52:11,40.81,114.8794,78.19,50,50,14.76
387,Harper,LR,2022-07-17 00:52:11,4.375,-7.7169,75.0,85,100,10.4
388,Leningradskiy,RU,2022-07-17 00:52:12,69.3833,178.4167,40.66,84,100,4.03
389,Castrillon,ES,2022-07-17 00:52:12,43.3979,-6.7922,69.51,76,100,2.17
390,Eureka,US,2022-07-17 00:52:12,40.8021,-124.1637,70.12,76,15,5.99
391,Rawson,AR,2022-07-17 00:48:25,-43.3002,-65.1023,39.36,59,51,8.84
392,Timizart,DZ,2022-07-17 00:52:13,36.8,4.2667,76.78,45,0,4.0
393,Wasilla,US,2022-07-17 00:52:13,61.5814,-149.4394,57.29,91,100,9.22
394,Beaune,FR,2022-07-17 00:52:14,47.0833,4.75,62.24,50,0,6.91
395,Vila Velha,BR,2022-07-17 00:52:14,-20.3297,-40.2925,71.94,86,0,4.61
396,Kashan,IR,2022-07-17 00:52:14,33.9831,51.4364,82.9,15,0,2.51
397,Calama,CL,2022-07-17 00:48:09,-22.4667,-68.9333,50.49,16,0,10.36
398,Marsa Matruh,EG,2022-07-17 00:52:16,31.3525,27.2453,73.6,83,20,6.91
399,Inirida,CO,2022-07-17 00:52:16,3.8653,-67.9239,74.73,95,56,2.68
400,Olafsvik,IS,2022-07-17 00:52:17,64.8945,-23.7142,50.67,89,100,1.88
401,Mesto Albrechtice,CZ,2022-07-17 00:52:17,50.1629,17.5748,53.91,76,1,4.72
402,Bekhtery,UA,2022-07-17 00:52:18,46.251,32.2927,71.64,62,61,6.69
403,Tabou,CI,2022-07-17 00:52:18,4.423,-7.3528,75.0,86,100,10.13
404,Tulun,RU,2022-07-17 00:52:18,54.5611,100.5792,56.91,89,100,3.33
405,Odienne,CI,2022-07-17 00:52:19,9.51,-7.5692,70.59,98,100,3.27
406,Najran,SA,2022-07-17 00:52:19,17.4924,44.1277,81.25,34,100,9.35
407,Ilulissat,GL,2022-07-17 00:52:19,69.2167,-51.1,37.58,87,65,3.2
408,Yulara,AU,2022-07-17 00:52:20,-25.2406,130.9889,61.92,19,5,8.52
409,Sape,BR,2022-07-17 00:52:20,-7.0964,-35.2328,72.77,98,47,7.02
410,Bambari,CF,2022-07-17 00:52:20,5.768,20.6757,70.34,93,100,2.51
411,Solok,ID,2022-07-17 00:52:21,-0.7918,100.6593,70.75,71,96,0.67
412,Penzance,GB,2022-07-17 00:52:21,50.1186,-5.5371,63.28,77,10,18.66
413,Flinders,AU,2022-07-17 00:52:21,-34.5833,150.8552,68.05,50,0,10.36
414,Chumphon,TH,2022-07-17 00:52:22,10.3333,98.8333,75.02,92,100,2.33
415,Fort Frances,CA,2022-07-17 00:53:22,48.5999,-93.4003,70.02,78,75,0.0
416,Zhigansk,RU,2022-07-17 00:53:23,66.7697,123.3711,52.59,67,100,16.49
417,Port Hedland,AU,2022-07-17 00:53:23,-20.3167,118.5667,68.05,32,4,3.44
418,Cairns,AU,2022-07-17 00:53:23,-16.9167,145.7667,77.07,81,75,10.36
419,Ihosy,MG,2022-07-17 00:53:24,-22.4,46.1167,58.37,86,96,10.49
420,Lorengau,PG,2022-07-17 00:53:24,-2.0226,147.2712,85.14,69,16,11.03
421,Malumfashi,NG,2022-07-17 00:53:24,11.7853,7.6218,72.12,88,100,4.72
422,Benito Juarez,MX,2022-07-17 00:53:25,19.385,-99.165,69.84,56,100,16.11
423,Charyshskoye,RU,2022-07-17 00:53:25,51.3978,83.5598,64.35,92,100,5.12
424,Buckingham,GB,2022-07-17 00:53:25,51.9997,-0.9878,64.65,73,100,6.73
425,Hope,US,2022-07-17 00:53:26,33.6671,-93.5916,90.99,46,100,5.35
426,Chumikan,RU,2022-07-17 00:53:26,54.7183,135.315,55.78,93,100,5.55
427,Kushima,JP,2022-07-17 00:53:26,31.4583,131.2333,84.65,57,93,7.4
428,Martapura,ID,2022-07-17 00:53:26,-3.4167,114.85,73.49,94,75,13.8
429,Tilichiki,RU,2022-07-17 00:53:27,60.4667,166.1,62.19,69,90,7.45
430,Villa Bruzual,VE,2022-07-17 00:53:27,9.3328,-69.1208,75.81,92,100,0.51
431,Malanje,AO,2022-07-17 00:53:27,-9.5402,16.341,62.29,42,0,2.37
432,Macapa,BR,2022-07-17 00:53:28,0.0389,-51.0664,75.18,100,100,5.75
433,Bikaner,IN,2022-07-17 00:53:28,28.0167,73.3,86.65,65,96,10.42
434,Shinshiro,JP,2022-07-17 00:53:28,34.9,137.5,80.06,84,79,1.77
435,Asosa,ET,2022-07-17 00:53:29,10.0667,34.5333,59.34,93,100,4.03
436,Bashtanka,UA,2022-07-17 00:53:29,47.4072,32.4387,64.27,52,27,7.92
437,Lagoa,PT,2022-07-17 00:53:29,39.05,-27.9833,69.67,90,7,7.65
438,Shizuishan,CN,2022-07-17 00:53:29,39.2333,106.7694,78.89,28,31,4.97
439,Wenling,CN,2022-07-17 00:53:30,28.3669,121.36,84.51,80,100,8.9
440,Shahreza,IR,2022-07-17 00:53:30,32.0339,51.8794,67.66,18,0,3.27
441,Durban,ZA,2022-07-17 00:50:52,-29.8579,31.0292,61.02,90,0,1.99
442,Agadez,NE,2022-07-17 00:53:31,19.75,10.25,84.7,43,10,11.34
443,Beyneu,KZ,2022-07-17 00:53:31,45.3167,55.2,85.37,18,6,10.74
444,Xining,CN,2022-07-17 00:53:31,36.6167,101.7667,56.53,69,100,0.92
445,Port Keats,AU,2022-07-17 00:53:32,-14.25,129.55,74.48,41,100,9.06
446,The Valley,AI,2022-07-17 00:53:32,18.217,-63.0578,82.26,81,8,22.93
447,Bandarbeyla,SO,2022-07-17 00:53:32,9.4942,50.8122,79.43,61,30,33.31
448,Buraydah,SA,2022-07-17 00:53:32,26.326,43.975,86.45,11,100,7.29
449,Seoul,KR,2022-07-17 00:53:33,37.5683,126.9778,78.37,80,75,5.75
450,Luderitz,NA,2022-07-17 00:53:33,-26.6481,15.1594,69.73,27,0,8.77
451,Kloulklubed,PW,2022-07-17 00:53:33,7.0419,134.2556,77.5,78,100,13.13
452,Urumqi,CN,2022-07-17 00:52:02,43.801,87.6005,77.95,26,0,8.95
453,Chuzhou,CN,2022-07-17 00:53:34,32.3219,118.2978,81.99,87,100,6.87
454,Naze,JP,2022-07-17 00:53:34,28.3667,129.4833,81.52,84,100,14.56
455,Beohari,IN,2022-07-17 00:53:34,24.05,81.3833,82.71,70,34,4.97
456,Nantucket,US,2022-07-17 00:53:35,41.2835,-70.0995,73.02,81,100,11.39
457,Vao,NC,2022-07-17 00:53:35,-22.6667,167.4833,69.73,60,52,25.3
458,Ardatov,RU,2022-07-17 00:53:35,55.2421,43.097,57.7,75,100,3.02
459,Arrecife,ES,2022-07-17 00:53:36,28.963,-13.5477,71.58,78,0,13.8
460,Khandyga,RU,2022-07-17 00:53:36,62.6667,135.6,83.32,57,91,2.86
461,Ampanihy,MG,2022-07-17 00:53:36,-24.7,44.75,61.09,93,0,8.77
462,Belfort,FR,2022-07-17 00:54:37,47.6333,6.8667,55.87,63,0,5.12
463,Jumla,NP,2022-07-17 00:54:37,29.2747,82.1838,65.03,88,24,1.25
464,Upata,VE,2022-07-17 00:54:37,8.0086,-62.3989,72.19,97,100,2.66
465,Ergani,TR,2022-07-17 00:54:38,38.2653,39.7621,73.99,47,0,9.28
466,Tautira,PF,2022-07-17 00:53:38,-17.7333,-149.15,75.16,76,49,20.78
467,Alekseyevsk,RU,2022-07-17 00:54:38,57.8406,108.3492,58.46,96,100,2.37
468,Iquitos,PE,2022-07-17 00:54:38,-3.7481,-73.2472,77.04,88,75,2.3
469,Waddan,LY,2022-07-17 00:54:39,29.1614,16.139,74.08,53,0,5.99
470,College,US,2022-07-17 00:49:52,64.8569,-147.8028,68.07,72,75,3.44
471,Reinosa,ES,2022-07-17 00:54:39,42.9996,-4.138,67.05,43,18,2.68
472,Gebze,TR,2022-07-17 00:54:39,40.8028,29.4307,68.95,88,0,9.22
473,Songjianghe,CN,2022-07-17 00:54:40,42.1859,127.479,61.75,99,100,2.15
474,Tabuk,PH,2022-07-17 00:54:40,17.4189,121.4443,82.36,78,100,3.09
475,Bluefields,NI,2022-07-17 00:54:40,12.0137,-83.7635,76.55,91,93,5.41
476,Ugoofaaru,MV,2022-07-17 00:54:41,5.6667,73.0,81.45,78,100,9.06
477,Maun,BW,2022-07-17 00:54:41,-19.9833,23.4167,57.16,51,0,9.22
478,Qasigiannguit,GL,2022-07-17 00:54:41,68.8193,-51.1922,37.06,87,50,3.56
479,Jablah,SY,2022-07-17 00:54:42,35.3614,35.9256,70.09,78,0,5.75
480,Pevek,RU,2022-07-17 00:54:42,69.7008,170.3133,35.38,98,100,9.35
481,Den Helder,NL,2022-07-17 00:54:42,52.9599,4.7593,55.02,88,100,1.14
482,Nagato,JP,2022-07-17 00:54:43,34.3833,131.2,81.52,71,100,16.2
483,Gushikawa,JP,2022-07-17 00:54:43,26.3544,127.8686,87.03,89,20,13.8
484,Shiyan,CN,2022-07-17 00:54:43,32.6475,110.7781,86.85,59,97,6.17
485,Gazojak,TM,2022-07-17 00:54:44,41.1875,61.4036,84.22,16,0,10.49
486,Tukrah,LY,2022-07-17 00:54:44,32.5341,20.5791,76.39,75,0,8.05
487,Tallahassee,US,2022-07-17 00:54:37,30.4383,-84.2807,79.0,85,24,1.01
488,Ajaccio,FR,2022-07-17 00:54:44,42.0,8.9167,69.85,78,0,8.05
489,Kuching,MY,2022-07-17 00:53:12,1.55,110.3333,77.22,88,20,5.01
490,Yarada,IN,2022-07-17 00:54:45,17.65,83.2667,79.12,94,100,8.05
491,Bridlington,GB,2022-07-17 00:54:45,54.0831,-0.1919,63.9,75,100,4.94
492,Kuytun,RU,2022-07-17 00:54:45,54.3419,101.5036,58.28,81,76,4.18
493,Atasu,KZ,2022-07-17 00:54:46,48.6814,71.6433,72.07,53,0,11.68
494,Nyzhni Sirohozy,UA,2022-07-17 00:54:46,46.8484,34.3804,65.46,62,3,7.02
495,Kemijarvi,FI,2022-07-17 00:54:46,66.7131,27.4306,50.16,96,98,3.83
496,Bang Saphan,TH,2022-07-17 00:54:47,11.2126,99.5117,79.86,87,100,3.87
497,Haines Junction,CA,2022-07-17 00:54:31,60.7522,-137.5108,64.35,45,100,16.11
498,Bonavista,CA,2022-07-17 00:54:47,48.6499,-53.1147,57.04,80,89,4.94
499,West Bay,KY,2022-07-17 00:54:47,19.3667,-81.4167,85.06,77,20,5.75
500,Bahia Blanca,AR,2022-07-17 00:50:08,-38.7196,-62.2724,41.76,56,11,11.14
501,Kalmunai,LK,2022-07-17 00:54:48,7.4167,81.8167,79.83,74,99,4.88
502,Belmonte,BR,2022-07-17 00:52:15,-15.8631,-38.8828,71.51,85,44,5.39
503,Zambezi,ZM,2022-07-17 00:54:48,-13.5432,23.1047,49.77,58,0,5.84
504,Wooster,US,2022-07-17 00:54:48,40.8051,-81.9351,75.49,80,75,4.61
505,Nusaybin,TR,2022-07-17 00:54:49,37.0778,41.2178,80.89,35,0,4.88
506,Staroutkinsk,RU,2022-07-17 00:54:49,57.2302,59.3348,59.63,88,5,3.89
507,Casa Nova,BR,2022-07-17 00:54:49,-9.4167,-41.1333,76.6,55,16,15.5
508,Kollam,IN,2022-07-17 00:55:50,8.8833,76.6,76.3,89,67,7.36
509,Veshenskaya,RU,2022-07-17 00:55:50,49.6303,41.7334,68.56,59,87,9.42
510,Ajdabiya,LY,2022-07-17 00:55:50,30.7554,20.2263,75.4,66,0,8.61
511,Viedma,AR,2022-07-17 00:55:51,-40.8135,-62.9967,38.64,69,12,8.03
512,Almeirim,BR,2022-07-17 00:52:50,-1.5233,-52.5817,77.14,77,88,3.22
513,Nagayo,JP,2022-07-17 00:55:51,32.8242,129.8861,78.15,78,75,9.22
514,Ler,SS,2022-07-17 00:55:52,8.3018,30.1418,72.59,82,100,4.16
515,Siva,EG,2022-07-17 00:55:52,29.2041,25.5195,79.23,49,0,4.88
516,Seydi,TM,2022-07-17 00:55:52,39.4816,62.9137,83.77,14,0,12.71
517,Sao Filipe,CV,2022-07-17 00:55:52,14.8961,-24.4956,75.51,85,4,8.01
518,Wilmington,US,2022-07-17 00:55:19,34.2257,-77.9447,79.0,78,34,6.58
519,Tsabong,BW,2022-07-17 00:55:53,-26.0217,22.401,54.09,48,0,10.63
520,Makat,KZ,2022-07-17 00:55:53,47.6469,53.3463,80.82,36,0,10.83
521,Araioses,BR,2022-07-17 00:55:54,-2.89,-41.9031,78.62,86,58,7.31
522,Oussouye,SN,2022-07-17 00:55:39,12.485,-16.5469,84.29,86,54,7.76
523,Arman,RU,2022-07-17 00:55:54,59.7,150.1667,66.02,88,97,5.91
524,Hirado,JP,2022-07-17 00:55:54,33.3597,129.5531,82.38,79,100,14.27
525,Henties Bay,NA,2022-07-17 00:55:55,-22.116,14.2845,67.53,42,0,6.82
526,Kristiansund,NO,2022-07-17 00:55:55,63.1115,7.732,50.05,87,100,2.3
527,Sungaipenuh,ID,2022-07-17 00:55:55,-2.0833,101.3833,68.72,65,100,1.36
528,Montlucon,FR,2022-07-17 00:55:15,46.3333,2.6,58.69,77,0,3.67
529,Nalut,LY,2022-07-17 00:55:56,30.3333,10.85,81.23,22,0,11.81
530,Ondangwa,NA,2022-07-17 00:55:56,-17.9167,15.95,55.4,35,0,5.75
531,Sao Miguel,BR,2022-07-17 00:55:56,-5.4667,-35.3667,74.17,90,65,13.49
532,Lamesa,US,2022-07-17 00:55:56,32.7376,-101.951,97.52,22,0,10.47
533,Chapais,CA,2022-07-17 00:55:57,49.7834,-74.8492,65.98,68,50,4.99
534,Cootamundra,AU,2022-07-17 00:55:57,-34.65,148.0333,50.95,57,97,16.73
535,Manacapuru,BR,2022-07-17 00:55:57,-3.2997,-60.6206,80.91,73,94,3.42
536,Gazanjyk,TM,2022-07-17 00:55:58,39.2446,55.5154,86.32,14,0,7.34
537,Verkhoyansk,RU,2022-07-17 00:55:58,67.5447,133.385,53.42,78,100,5.14
538,Aswan,EG,2022-07-17 00:55:58,24.0934,32.907,85.3,23,0,9.22
539,Bagn,NO,2022-07-17 00:55:59,60.8225,9.5521,45.27,82,50,2.95
540,Kitimat,CA,2022-07-17 00:55:59,54.0524,-128.6534,68.38,57,61,3.71
541,Dharapuram,IN,2022-07-17 00:55:59,10.7333,77.5167,78.87,66,99,19.89
542,Camacha,PT,2022-07-17 00:56:00,33.0833,-16.3333,65.62,88,20,5.75
543,Dubbo,AU,2022-07-17 00:56:00,-32.25,148.6167,55.53,54,100,13.8
544,Sarny,UA,2022-07-17 00:56:00,51.338,26.6019,51.35,96,94,7.85
545,Westport,US,2022-07-17 00:55:08,41.1415,-73.3579,75.74,90,40,4.61
546,Clinton,US,2022-07-17 00:51:17,42.587,-82.9199,78.82,74,75,4.61
547,Belaya Gora,RU,2022-07-17 00:56:01,68.5333,146.4167,57.07,52,72,16.28
548,Mezhdurechenskiy,RU,2022-07-17 00:56:01,59.6,65.9333,60.44,86,98,5.08
